/*CUSTOMER*/

CREATE TABLE Customer 
(
      CustNo VARCHAR2(8) CONSTRAINT CustNoNotNull NOT NULL, 
      CustName VARCHAR2(30) CONSTRAINT CustNameNotNull NOT NULL, 
      Address VARCHAR2(50) CONSTRAINT AddressNotNull NOT NULL, 
      Internal CHAR(1) CONSTRAINT InternalNotNull NOT NULL, 
      Contact VARCHAR2(35) CONSTRAINT ContactNotNull NOT NULL, 
      Phone VARCHAR2(11) CONSTRAINT CPhoneNotNull NOT NULL, 
      City VARCHAR2(30) CONSTRAINT CityNotNull NOT NULL,
      State VARCHAR2(2) CONSTRAINT StateNotNull NOT NULL, 
      Zip VARCHAR2(10) CONSTRAINT zipNotNull NOT NULL,
      CONSTRAINT PK_CUSTOMER PRIMARY KEY (CustNo) 
  
  ) ;
  
  /*INSERT DATA INTO CUSTOMER TABLE*/
Insert into CUSTOMER (CUSTNO,CUSTNAME,ADDRESS,INTERNAL,CONTACT,PHONE,CITY,STATE,ZIP) values ('C100','Football','Box 352200','Y','Mary Manager','6857100','Boulder','CO','80309');
Insert into CUSTOMER (CUSTNO,CUSTNAME,ADDRESS,INTERNAL,CONTACT,PHONE,CITY,STATE,ZIP) values ('C101','Men''s Basketball','Box 352400','Y','Sally Supervisor','5431700','Boulder','CO','80309');
Insert into CUSTOMER (CUSTNO,CUSTNAME,ADDRESS,INTERNAL,CONTACT,PHONE,CITY,STATE,ZIP) values ('C103','Baseball','Box 352020','Y','Bill Baseball','5431234','Boulder','CO','80309');
Insert into CUSTOMER (CUSTNO,CUSTNAME,ADDRESS,INTERNAL,CONTACT,PHONE,CITY,STATE,ZIP) values ('C104','Women''s Softball','Box 351200','Y','Sue Softball','5434321','Boulder','CO','80309');
Insert into CUSTOMER (CUSTNO,CUSTNAME,ADDRESS,INTERNAL,CONTACT,PHONE,CITY,STATE,ZIP) values ('C105','High School Football','123 AnyStreet','N','Coach Bob','4441234','Louisville','CO','80027');

/*CHECK TABLE RECORDS*/
SELECT * FROM CUSTOMER


--2.CREATE TABLE EMPLOYEE

CREATE TABLE EMPLOYEE
(
      EMPNO VARCHAR2(8) CONSTRAINT EmpNoNotNull NOT NULL,
      EMPNAME VARCHAR2(50) CONSTRAINT EmpNameNotNull NOT NULL,
      DEPARTMENT VARCHAR2(100) CONSTRAINT DeptNotNull NOT NULL,
      EMAIL VARCHAR2(50) CONSTRAINT EmailNotNull NOT NULL,
      PHONE VARCHAR2(30) CONSTRAINT PhoneNotNull NOT NULL,
      CONSTRAINT PK_EMP PRIMARY KEY (EMPNO)
);

-- INSERT DATA INTO EMPLOYEE TABLE
Insert into EMPLOYEE (EMPNO,EMPNAME,DEPARTMENT,EMAIL,PHONE) values ('E100','Chuck Coordinator','Administration','chuck@colorado.edu','3-1111');
Insert into EMPLOYEE (EMPNO,EMPNAME,DEPARTMENT,EMAIL,PHONE) values ('E101','Mary Manager','Football','mary@colorado.edu','5-1111');
Insert into EMPLOYEE (EMPNO,EMPNAME,DEPARTMENT,EMAIL,PHONE) values ('E102','Sally Supervisor','Planning','sally@colorado.edu','3-2222');
Insert into EMPLOYEE (EMPNO,EMPNAME,DEPARTMENT,EMAIL,PHONE) values ('E103','Alan Administrator','Administration','alan@colorado.edu','3-3333');

--VIEW DATA IN EMPLOYEE TABLE
SELECT * FROM EMPLOYEE


-- 8 EVENTPLANLINE TABLE
CREATE TABLE EVENTPLANLINE
(
    PLANNO VARCHAR2(8) CONSTRAINT PlanNoPK_FKNotNull NOT NULL,
    LINENO VARCHAR2(8) CONSTRAINT LineNoPKNotNull NOT NULL,
    TIMESTART DATE CONSTRAINT TimeStartNotNull NOT NULL,
    TIMEEND DATE CONSTRAINT TimeEndNotNull NOT NULL,
    NUMBERFLD INTEGER CONSTRAINT NumberfieldNotNull NOT NULL,
    LOCNO VARCHAR2(8) CONSTRAINT LocNoFKNotNull NOT NULL,
    RESNO VARCHAR2(8) CONSTRAINT ResNoFKNotNull NOT NULL,
    CONSTRAINT PK_EVPLL PRIMARY KEY (PLANNO, LINENO),
    CONSTRAINT FK_EVPLL_EVP FOREIGN KEY (PLANNO) REFERENCES EVENTPLAN(PLANNO),
    CONSTRAINT FK_EVPLL_LOC FOREIGN KEY (LOCNO) REFERENCES LOCATION(LOCNO),
    CONSTRAINT FK_EVPLL_RES FOREIGN KEY (RESNO) REFERENCES RESOURCETBL(RESNO),
    CONSTRAINT CHK_START_SMALL_THAN_END CHECK (TIMESTART < TIMEEND),
    CONSTRAINT CHK_END_GREAT_THAN_START CHECK (TIMEEND >  TIMESTART)
);

/*INSERT DATA INTO EVENTPLANLINE*/
Insert into EVENTPLANLINE (PLANNO,LINENO,TIMESTART,TIMEEND,NUMBERFLD,LOCNO,RESNO) values ('P100',1, to_date('25-OCT-13 8:00:00','DD-MON-RR HH24:MI:SS'), to_date('25-OCT-13 17:00:00','DD-MON-RR HH24:MI:SS'),2,'L100','R100');
Insert into EVENTPLANLINE (PLANNO,LINENO,TIMESTART,TIMEEND,NUMBERFLD,LOCNO,RESNO) values ('P100',2, to_date('25-OCT-13 12:00:00','DD-MON-RR HH24:MI:SS'),to_date('25-OCT-13 17:00:00','DD-MON-RR HH24:MI:SS'), 2,'L101','R101');
Insert into EVENTPLANLINE (PLANNO,LINENO,TIMESTART,TIMEEND,NUMBERFLD,LOCNO,RESNO) values ('P100',3, to_date('25-OCT-13 7:00:00','DD-MON-RR HH24:MI:SS'), to_date('25-OCT-13 16:30:00','DD-MON-RR HH24:MI:SS'), 1,'L102','R102');
Insert into EVENTPLANLINE (PLANNO,LINENO,TIMESTART,TIMEEND,NUMBERFLD,LOCNO,RESNO) values ('P100',4, to_date('25-OCT-13 18:00:00','DD-MON-RR HH24:MI:SS'),to_date('25-OCT-13 22:00:00','DD-MON-RR HH24:MI:SS'),2,'L100','R102');
Insert into EVENTPLANLINE (PLANNO,LINENO,TIMESTART,TIMEEND,NUMBERFLD,LOCNO,RESNO) values ('P101',1, to_date('3-DEC-13 18:00:00','DD-MON-RR HH24:MI:SS'),to_date('3-DEC-13 20:00:00','DD-MON-RR HH24:MI:SS'),2,'L103','R100');
Insert into EVENTPLANLINE (PLANNO,LINENO,TIMESTART,TIMEEND,NUMBERFLD,LOCNO,RESNO) values ('P101',2, to_date('3-DEC-13 18:30:00','DD-MON-RR HH24:MI:SS'),to_date('3-DEC-13 19:00:00','DD-MON-RR HH24:MI:SS'),4,'L105','R100');
Insert into EVENTPLANLINE (PLANNO,LINENO,TIMESTART,TIMEEND,NUMBERFLD,LOCNO,RESNO) values ('P101',3, to_date('3-DEC-13 19:00:00','DD-MON-RR HH24:MI:SS'),to_date('3-DEC-13 20:00:00','DD-MON-RR HH24:MI:SS'),2,'L103','R103');
Insert into EVENTPLANLINE (PLANNO,LINENO,TIMESTART,TIMEEND,NUMBERFLD,LOCNO,RESNO) values ('P102',1, to_date('5-DEC-13 18:00:00','DD-MON-RR HH24:MI:SS'),to_date('5-DEC-13 19:00:00','DD-MON-RR HH24:MI:SS'),2,'L103','R100');
Insert into EVENTPLANLINE (PLANNO,LINENO,TIMESTART,TIMEEND,NUMBERFLD,LOCNO,RESNO) values ('P102',2, to_date('5-DEC-13 18:00:00','DD-MON-RR HH24:MI:SS'),to_date('5-DEC-13 21:00:00','DD-MON-RR HH24:MI:SS'),4,'L105','R100');
Insert into EVENTPLANLINE (PLANNO,LINENO,TIMESTART,TIMEEND,NUMBERFLD,LOCNO,RESNO) values ('P102',3, to_date('5-DEC-13 19:00:00','DD-MON-RR HH24:MI:SS'),to_date('5-DEC-13 22:00:00','DD-MON-RR HH24:MI:SS'),2,'L103','R103');
Insert into EVENTPLANLINE (PLANNO,LINENO,TIMESTART,TIMEEND,NUMBERFLD,LOCNO,RESNO) values ('P103',1, to_date('12-DEC-13 18:00:00','DD-MON-RR HH24:MI:SS'),to_date('12-DEC-13 21:00:00','DD-MON-RR HH24:MI:SS'),2,'L103','R100');
Insert into EVENTPLANLINE (PLANNO,LINENO,TIMESTART,TIMEEND,NUMBERFLD,LOCNO,RESNO) values ('P103',2, to_date('12-DEC-13 18:00:00','DD-MON-RR HH24:MI:SS'),to_date('12-DEC-13 21:00:00','DD-MON-RR HH24:MI:SS'),4,'L105','R100');
Insert into EVENTPLANLINE (PLANNO,LINENO,TIMESTART,TIMEEND,NUMBERFLD,LOCNO,RESNO) values ('P103',3, to_date('12-DEC-13 19:00:00','DD-MON-RR HH24:MI:SS'),to_date('12-DEC-13 22:00:00','DD-MON-RR HH24:MI:SS'),2,'L103','R103');
Insert into EVENTPLANLINE (PLANNO,LINENO,TIMESTART,TIMEEND,NUMBERFLD,LOCNO,RESNO) values ('P104',1, to_date('26-OCT-13 18:00:00','DD-MON-RR HH24:MI:SS'),to_date('26-OCT-13 22:00:00','DD-MON-RR HH24:MI:SS'),4,'L101','R104');
Insert into EVENTPLANLINE (PLANNO,LINENO,TIMESTART,TIMEEND,NUMBERFLD,LOCNO,RESNO) values ('P104',2, to_date('26-OCT-13 18:00:00','DD-MON-RR HH24:MI:SS'),to_date('26-OCT-13 22:00:00','DD-MON-RR HH24:MI:SS'),4,'L100','R104');
Insert into EVENTPLANLINE (PLANNO,LINENO,TIMESTART,TIMEEND,NUMBERFLD,LOCNO,RESNO) values ('P105',1, to_date('25-OCT-13 18:00:00','DD-MON-RR HH24:MI:SS'),to_date('25-OCT-13 22:00:00','DD-MON-RR HH24:MI:SS'),4,'L101','R104');
Insert into EVENTPLANLINE (PLANNO,LINENO,TIMESTART,TIMEEND,NUMBERFLD,LOCNO,RESNO) values ('P105',2, to_date('25-OCT-13 18:00:00','DD-MON-RR HH24:MI:SS'),to_date('25-OCT-13 22:00:00','DD-MON-RR HH24:MI:SS'),4,'L100','R104');
Insert into EVENTPLANLINE (PLANNO,LINENO,TIMESTART,TIMEEND,NUMBERFLD,LOCNO,RESNO) values ('P199',1, to_date('10-DEC-13 8:00:00','DD-MON-RR HH24:MI:SS'), to_date('10-DEC-13 12:00:00','DD-MON-RR HH24:MI:SS'),1,'L100','R100');
Insert into EVENTPLANLINE (PLANNO,LINENO,TIMESTART,TIMEEND,NUMBERFLD,LOCNO,RESNO) values ('P349',1, to_date('12-DEC-13 12:00:00','DD-MON-RR HH24:MI:SS'),to_date('12-DEC-13 15:30:00','DD-MON-RR HH24:MI:SS'),1,'L103','R100');
Insert into EVENTPLANLINE (PLANNO,LINENO,TIMESTART,TIMEEND,NUMBERFLD,LOCNO,RESNO) values ('P85',1,  to_date('25-OCT-13 9:00:00','DD-MON-RR HH24:MI:SS'), to_date('25-OCT-13 17:00:00','DD-MON-RR HH24:MI:SS'),5,'L100','R100');
Insert into EVENTPLANLINE (PLANNO,LINENO,TIMESTART,TIMEEND,NUMBERFLD,LOCNO,RESNO) values ('P85',2,  to_date('25-OCT-13 8:00:00','DD-MON-RR HH24:MI:SS'), to_date('25-OCT-13 17:00:00','DD-MON-RR HH24:MI:SS'),2,'L102','R101');
Insert into EVENTPLANLINE (PLANNO,LINENO,TIMESTART,TIMEEND,NUMBERFLD,LOCNO,RESNO) values ('P85',3, to_date('25-OCT-13 10:00:00','DD-MON-RR HH24:MI:SS'), to_date('25-OCT-13 15:00:00','DD-MON-RR HH24:MI:SS'),3,'L104','R100');
Insert into EVENTPLANLINE (PLANNO,LINENO,TIMESTART,TIMEEND,NUMBERFLD,LOCNO,RESNO) values ('P95',1, to_date('26-OCT-13 8:00:00','DD-MON-RR HH24:MI:SS'),  to_date('26-OCT-13 17:00:00','DD-MON-RR HH24:MI:SS'),4,'L100','R100');
Insert into EVENTPLANLINE (PLANNO,LINENO,TIMESTART,TIMEEND,NUMBERFLD,LOCNO,RESNO) values ('P95',2, to_date('26-OCT-13 9:00:00','DD-MON-RR HH24:MI:SS'),  to_date('26-OCT-13 17:00:00','DD-MON-RR HH24:MI:SS'),4,'L102','R101');
Insert into EVENTPLANLINE (PLANNO,LINENO,TIMESTART,TIMEEND,NUMBERFLD,LOCNO,RESNO) values ('P95',3, to_date('26-OCT-13 10:00:00','DD-MON-RR HH24:MI:SS'), to_date('26-OCT-13 15:00:00','DD-MON-RR HH24:MI:SS'),4,'L106','R100');
Insert into EVENTPLANLINE (PLANNO,LINENO,TIMESTART,TIMEEND,NUMBERFLD,LOCNO,RESNO) values ('P95',4, to_date('26-OCT-13 13:00:00','DD-MON-RR HH24:MI:SS'), to_date('26-OCT-13 17:00:00','DD-MON-RR HH24:MI:SS'),2,'L100','R103');
Insert into EVENTPLANLINE (PLANNO,LINENO,TIMESTART,TIMEEND,NUMBERFLD,LOCNO,RESNO) values ('P95',5, to_date('26-OCT-13 13:00:00','DD-MON-RR HH24:MI:SS'), to_date('26-OCT-13 17:00:00','DD-MON-RR HH24:MI:SS'),2,'L101','R104');

/*CHECK DATA IN EVENTPLANLINE*/
SELECT * FROM EVENTPLANLINE


--7 EVENTPLAN
CREATE TABLE EVENTPLAN
(
    PLANNO VARCHAR2(8) CONSTRAINT PlanNoNotNull NOT NULL,
    EVENTNO VARCHAR2(8) CONSTRAINT EventNoFKNotNull NOT NULL,
    WORKDATE DATE CONSTRAINT WorkDateNotNull NOT NULL,
    NOTES VARCHAR2(255),
    ACTIVITY VARCHAR2(30),
    EMPNO VARCHAR2(8),
    CONSTRAINT PK_EVP PRIMARY KEY (PLANNO),
    CONSTRAINT FK_EVP_EVENTNO FOREIGN KEY (EVENTNO) REFERENCES EVENTREQUEST(EVENTNO),
    CONSTRAINT FK_EVP_EMPNO FOREIGN KEY (EMPNO) REFERENCES EMPLOYEE(EMPNO)
);

/*INSERT DATA INTO EVENTPLAN*/
Insert into EVENTPLAN (PLANNO,EVENTNO,WORKDATE,NOTES,ACTIVITY,EMPNO) values ('P100','E100',to_date('25-OCT-13','DD-MON-RR'),'Standard operation','Operation','E102');
Insert into EVENTPLAN (PLANNO,EVENTNO,WORKDATE,NOTES,ACTIVITY,EMPNO) values ('P101','E104',to_date('03-DEC-13','DD-MON-RR'),'Watch for gate crashers','Operation','E100');
Insert into EVENTPLAN (PLANNO,EVENTNO,WORKDATE,NOTES,ACTIVITY,EMPNO) values ('P102','E105',to_date('05-DEC-13','DD-MON-RR'),'Standard operation','Operation','E102');
Insert into EVENTPLAN (PLANNO,EVENTNO,WORKDATE,NOTES,ACTIVITY,EMPNO) values ('P103','E106',to_date('12-DEC-13','DD-MON-RR'),'Watch for seat switching','Operation',null);
Insert into EVENTPLAN (PLANNO,EVENTNO,WORKDATE,NOTES,ACTIVITY,EMPNO) values ('P104','E101',to_date('26-OCT-13','DD-MON-RR'),'Standard cleanup','Cleanup','E101');
Insert into EVENTPLAN (PLANNO,EVENTNO,WORKDATE,NOTES,ACTIVITY,EMPNO) values ('P105','E100',to_date('25-OCT-13','DD-MON-RR'),'Light cleanup','Cleanup','E101');
Insert into EVENTPLAN (PLANNO,EVENTNO,WORKDATE,NOTES,ACTIVITY,EMPNO) values ('P199','E102',to_date('10-DEC-13','DD-MON-RR'),'ABC','Operation','E101');
Insert into EVENTPLAN (PLANNO,EVENTNO,WORKDATE,NOTES,ACTIVITY,EMPNO) values ('P299','E101',to_date('26-OCT-13','DD-MON-RR'),null,'Operation','E101');
Insert into EVENTPLAN (PLANNO,EVENTNO,WORKDATE,NOTES,ACTIVITY,EMPNO) values ('P349','E106',to_date('12-DEC-13','DD-MON-RR'),null,'Setup','E101');
Insert into EVENTPLAN (PLANNO,EVENTNO,WORKDATE,NOTES,ACTIVITY,EMPNO) values ('P85','E100',to_date('25-OCT-13','DD-MON-RR'),'Standard operation','Cleanup','E102');
Insert into EVENTPLAN (PLANNO,EVENTNO,WORKDATE,NOTES,ACTIVITY,EMPNO) values ('P95','E101',to_date('26-OCT-13','DD-MON-RR'),'Extra security','Cleanup','E102');

/*SELECT DATA FROM EVENTPLAN*/
SELECT * FROM EVENTPLAN

-- 6 EVENTREQUEST
CREATE TABLE EVENTREQUEST(
    EVENTNO VARCHAR2(8) CONSTRAINT EventNoNotNull NOT NULL,
    DATEHELD DATE CONSTRAINT EvntDateNotNull NOT NULL,
    DATEREQ DATE CONSTRAINT DateRqNotNull NOT NULL,
    CUSTNO VARCHAR2(8) CONSTRAINT CustNoFKNotNull NOT NULL,
    FACNO VARCHAR2(8) CONSTRAINT FacNoFK_EvtR_NotNull NOT NULL,
    DATEAUTH DATE,
    STATUS VARCHAR2(30) CONSTRAINT StatusNotNull NOT NULL,
    ESTCOST DECIMAL(18,2) CONSTRAINT EstCost NOT NULL,
    ESTAUDIENCE INTEGER,
    BUDNO VARCHAR2(8),
    CONSTRAINT PK_EVR PRIMARY KEY (EVENTNO),
    CONSTRAINT FK_EVR_CUS FOREIGN KEY (CUSTNO) REFERENCES CUSTOMER(CUSTNO),
    CONSTRAINT FK_EVR_FAC FOREIGN KEY (FACNO) REFERENCES FACILITY(FACNO),
    CONSTRAINT CHK_STATUS CHECK (STATUS IN ('Pending', 'Denied', 'Approved')),
    CONSTRAINT CHK_ESTAUDIENCE_MORE_THAN_ZERO CHECK (ESTAUDIENCE > 0 )

);

/*INSERT DATA INTO EVENT REQUEST*/
Insert into EVENTREQUEST (EVENTNO,DATEHELD,DATEREQ,CUSTNO,FACNO,DATEAUTH,STATUS,ESTCOST,ESTAUDIENCE,BUDNO) values ('E100',to_date('25-OCT-13','DD-MON-RR'),to_date('06-JUN-13','DD-MON-RR'),'C100','F100',to_date('08-JUN-13','DD-MON-RR'),'Approved',5000,80000,'B1000');
Insert into EVENTREQUEST (EVENTNO,DATEHELD,DATEREQ,CUSTNO,FACNO,DATEAUTH,STATUS,ESTCOST,ESTAUDIENCE,BUDNO) values ('E101',to_date('26-OCT-13','DD-MON-RR'),to_date('28-JUL-13','DD-MON-RR'),'C100','F100',null,'Pending',5000,80000,'B1000');
Insert into EVENTREQUEST (EVENTNO,DATEHELD,DATEREQ,CUSTNO,FACNO,DATEAUTH,STATUS,ESTCOST,ESTAUDIENCE,BUDNO) values ('E103',to_date('21-SEP-13','DD-MON-RR'),to_date('28-JUL-13','DD-MON-RR'),'C100','F100',to_date('01-AUG-13','DD-MON-RR'),'Approved',5000,80000,'B1000');
Insert into EVENTREQUEST (EVENTNO,DATEHELD,DATEREQ,CUSTNO,FACNO,DATEAUTH,STATUS,ESTCOST,ESTAUDIENCE,BUDNO) values ('E102',to_date('14-SEP-13','DD-MON-RR'),to_date('28-JUL-13','DD-MON-RR'),'C100','F100',to_date('31-JUL-13','DD-MON-RR'),'Approved',5000,80000,'B1000');
Insert into EVENTREQUEST (EVENTNO,DATEHELD,DATEREQ,CUSTNO,FACNO,DATEAUTH,STATUS,ESTCOST,ESTAUDIENCE,BUDNO) values ('E104',to_date('03-DEC-13','DD-MON-RR'),to_date('28-JUL-13','DD-MON-RR'),'C101','F101',to_date('31-JUL-13','DD-MON-RR'),'Approved',2000,12000,'B1000');
Insert into EVENTREQUEST (EVENTNO,DATEHELD,DATEREQ,CUSTNO,FACNO,DATEAUTH,STATUS,ESTCOST,ESTAUDIENCE,BUDNO) values ('E105',to_date('05-DEC-13','DD-MON-RR'),to_date('28-JUL-13','DD-MON-RR'),'C101','F101',to_date('01-AUG-13','DD-MON-RR'),'Approved',2000,10000,'B1000');
Insert into EVENTREQUEST (EVENTNO,DATEHELD,DATEREQ,CUSTNO,FACNO,DATEAUTH,STATUS,ESTCOST,ESTAUDIENCE,BUDNO) values ('E106',to_date('12-DEC-13','DD-MON-RR'),to_date('28-JUL-13','DD-MON-RR'),'C101','F101',to_date('31-JUL-13','DD-MON-RR'),'Approved',2000,10000,'B1000');
Insert into EVENTREQUEST (EVENTNO,DATEHELD,DATEREQ,CUSTNO,FACNO,DATEAUTH,STATUS,ESTCOST,ESTAUDIENCE,BUDNO) values ('E107',to_date('23-NOV-13','DD-MON-RR'),to_date('28-JUL-13','DD-MON-RR'),'C105','F100',to_date('31-JUL-13','DD-MON-RR'),'Denied',10000,5000,null);

/*check data in EVENTREQUEST TABLE*/
SELECT * FROM EVENTREQUEST


--1 CREATE  FACILITY TABLE
CREATE TABLE FACILITY(
FACNO VARCHAR2(8) CONSTRAINT FacNoNotNull NOT NULL, 
FACNAME VARCHAR2(30) CONSTRAINT FacNameNotNull NOT NULL,
CONSTRAINT PK_FAC PRIMARY KEY (FACNO),
CONSTRAINT Unique_FacName UNIQUE(FacName) 

);


/*INSERT RECORDS INTO FACILITY TABLE*/

Insert into FACILITY (FACNO,FACNAME) values ('F100','Football stadium');
Insert into FACILITY (FACNO,FACNAME) values ('F101','Basketball arena');
Insert into FACILITY (FACNO,FACNAME) values ('F102','Baseball field');
Insert into FACILITY (FACNO,FACNAME) values ('F103','Recreation room');

---SEE RECORDS IN TABLE
SELECT * FROM FACILITY


/*LOCATION TABLE*/

CREATE TABLE LOCATION
(
    LOCNO VARCHAR2(8) CONSTRAINT LocNoNotNull NOT NULL, 
    FACNO VARCHAR2(8) CONSTRAINT FacNoFKNotNull NOT NULL, 
    LOCNAME VARCHAR2(30) CONSTRAINT LocNameNotNull NOT NULL,
    CONSTRAINT PK_LOCATION PRIMARY KEY (LOCNO),
    CONSTRAINT FK_FACNO FOREIGN KEY (FACNO) REFERENCES FACILITY (FACNO) 

);

/*INSERT DATA INTO THE LOCATION TABLE*/
Insert into LOCATION (LOCNO,FACNO,LOCNAME) values ('L100','F100','Locker room');
Insert into LOCATION (LOCNO,FACNO,LOCNAME) values ('L101','F100','Plaza');
Insert into LOCATION (LOCNO,FACNO,LOCNAME) values ('L102','F100','Vehicle gate');
Insert into LOCATION (LOCNO,FACNO,LOCNAME) values ('L103','F101','Locker room');
Insert into LOCATION (LOCNO,FACNO,LOCNAME) values ('L104','F100','Ticket Booth');
Insert into LOCATION (LOCNO,FACNO,LOCNAME) values ('L105','F101','Gate');
Insert into LOCATION (LOCNO,FACNO,LOCNAME) values ('L106','F100','Pedestrian gate');

/*CHECK DATA IN LOCATION TABLE*/
SELECT * FROM LOCATION

--3 RESOURCETBL
CREATE TABLE RESOURCETBL
(
    RESNO VARCHAR2(8) CONSTRAINT ResNoNotNull NOT NULL,
    RESNAME VARCHAR2(50) CONSTRAINT ResNameNotNull NOT NULL,
    RATE DECIMAL(18,2) CONSTRAINT RateNotNull NOT NULL,
    CONSTRAINT PK_RES PRIMARY KEY (RESNO),
    CONSTRAINT CHK_RATE CHECK (RATE > 0)

);

/*INSERT DATA INTO RESOURCETBL*/
Insert into RESOURCETBL (RESNO,RESNAME,RATE) values ('R100','attendant',10);
Insert into RESOURCETBL (RESNO,RESNAME,RATE) values ('R101','police',15);
Insert into RESOURCETBL (RESNO,RESNAME,RATE) values ('R102','usher',10);
Insert into RESOURCETBL (RESNO,RESNAME,RATE) values ('R103','nurse',20);
Insert into RESOURCETBL (RESNO,RESNAME,RATE) values ('R104','janitor',15);
Insert into RESOURCETBL (RESNO,RESNAME,RATE) values ('R105','food service',10);

/*CHECK DATA FROM RESOURCETBL*/
SELECT * FROM RESOURCETBL 
